work_index,work_id,title,viewer_url,manifest_url,canvas_count,glyph_count,status
1,001_道因法师碑,道因法师碑,http://iiif.library.sh.cn/api/viewer/17A331,https://iiif.library.sh.cn/p/3/02c55611-7427-4cd0-a2cd-a15b5ccbaa9c,72,2342,PASS
2,002_礼器碑并阴,礼器碑并阴,http://iiif.library.sh.cn/api/viewer/48B814,https://iiif.library.sh.cn/p/3/85558958-1ac5-411b-8854-55216a68869b,74,1078,PASS
3,003_龙藏寺碑,龙藏寺碑,http://iiif.library.sh.cn/api/viewer/S2473,https://iiif.library.sh.cn/p/3/ad0f58f2-7b47-455f-b1a7-f8c813c58e88,83,1426,PASS
4,004_麓山寺碑并阴,麓山寺碑并阴,http://iiif.library.sh.cn/api/viewer/17A333,https://iiif.library.sh.cn/p/3/490b66a0-2b89-4f7a-82eb-e0551e8ac723,113,1830,PASS
5,005_虞恭公温彦博碑,虞恭公温彦博碑,http://iiif.library.sh.cn/api/viewer/19A376,https://iiif.library.sh.cn/p/3/47caad3e-7987-40f0-b1b9-2654eaef2bde,55,855,PASS
6,006_史晨后碑,史晨后碑,http://iiif.library.sh.cn/api/viewer/22BT012,https://iiif.library.sh.cn/p/3/26aeaedb-6c05-11ee-939e-9cb6d0bbaaae,54,527,PASS
7,007_伊阙佛龛碑,伊阙佛龛碑,http://iiif.library.sh.cn/api/viewer/22BT006,https://iiif.library.sh.cn/p/3/26aeaed6-6c05-11ee-bab6-9cb6d0bbaaae,124,1683,PASS
8,008_天发神谶碑,天发神谶碑,http://iiif.library.sh.cn/api/viewer/22BT005,https://iiif.library.sh.cn/p/3/26aeaed5-6c05-11ee-b4a2-9cb6d0bbaaae,82,391,PASS
9,009_唐俭碑,唐俭碑,http://iiif.library.sh.cn/api/viewer/L73611,https://iiif.library.sh.cn/p/3/50050fed-5e4f-486d-9fd6-526b2e32c45c,49,1233,PASS
10,010_赵清献公碑,赵清献公碑,http://iiif.library.sh.cn/api/viewer/22BT007,https://iiif.library.sh.cn/p/3/26aeaed7-6c05-11ee-92ca-9cb6d0bbaaae,82,2485,PASS
11,011_皇甫诞碑,皇甫诞碑,http://iiif.library.sh.cn/api/viewer/19A377,https://iiif.library.sh.cn/p/3/4105bb50-725e-489e-88ec-b4484b531278,54,1541,PASS
12,012_龙藏寺碑,龙藏寺碑,http://iiif.library.sh.cn/api/viewer/18A342,https://iiif.library.sh.cn/p/3/d66e36fb-80a7-4067-9852-e1603307de56,57,1448,PASS
13,013_鲁峻碑,鲁峻碑,http://iiif.library.sh.cn/api/viewer/L3268,https://iiif.library.sh.cn/p/3/2517eb34-6e58-4c28-80e6-116fc176e160,75,509,PASS
14,014_颜真卿李玄靖碑,颜真卿李玄靖碑,http://iiif.library.sh.cn/api/viewer/22BT013,https://iiif.library.sh.cn/p/3/26aeaedc-6c05-11ee-a439-9cb6d0bbaaae,2,0,NO_GLYPHS
15,015_史晨前碑,史晨前碑,http://iiif.library.sh.cn/api/viewer/19A363,https://iiif.library.sh.cn/p/3/5b37abd5-8e3f-4a99-97e1-d09be21ea2f2,40,514,PASS
16,016_上尊号碑受禅表合册,上尊号碑受禅表合册,http://iiif.library.sh.cn/api/viewer/22BT004,https://iiif.library.sh.cn/p/3/26aeaed4-6c05-11ee-ad0f-9cb6d0bbaaae,74,752,PASS
17,017_张猛龙碑并阴,张猛龙碑并阴,http://iiif.library.sh.cn/api/viewer/S2795,https://iiif.library.sh.cn/p/3/bd936285-5b1f-4ecf-9f32-c256fd9a02c8,83,1691,PASS
18,018_中岳嵩高灵庙碑并额,中岳嵩高灵庙碑并额,http://iiif.library.sh.cn/api/viewer/L4906,https://iiif.library.sh.cn/p/3/feb41e8c-2ca5-4684-9be3-0b5abcb73d94,55,821,PASS
19,019_虞恭公温彦博碑,虞恭公温彦博碑,http://iiif.library.sh.cn/api/viewer/18A350,https://iiif.library.sh.cn/p/3/db59e2a5-f1f0-4c5c-a7e7-c2ff58b89672,35,951,PASS
20,020_化度寺邕禅师舍利塔铭,化度寺邕禅师舍利塔铭,http://iiif.library.sh.cn/api/viewer/19A375,https://iiif.library.sh.cn/p/3/812fa31f-30a4-4161-9ab0-8c98e2d0af33,49,1080,PASS
21,021_孔羡碑,孔羡碑,http://iiif.library.sh.cn/api/viewer/48B825,https://iiif.library.sh.cn/p/3/ba640446-7e70-424f-b445-b5b61bf8c529,35,826,PASS
22,022_王居士砖塔铭,王居士砖塔铭,http://iiif.library.sh.cn/api/viewer/19A367,https://iiif.library.sh.cn/p/3/71d6dd57-43df-4da5-8ab0-7bc3873dd4a5,29,432,PASS
23,023_圭峰定慧禅师碑,圭峰定慧禅师碑,http://iiif.library.sh.cn/api/viewer/S1517,https://iiif.library.sh.cn/p/3/3f10d60c-e883-47ec-b407-05292bcc74d5,91,2119,PASS
24,024_张从申书李玄靖碑,张从申书李玄靖碑,http://iiif.library.sh.cn/api/viewer/21A413,https://iiif.library.sh.cn/p/3/8fa14f9c-ea86-4652-b5ab-352b388f8e4f,37,850,PASS
25,025_集王羲之书三藏圣教序,集王羲之书三藏圣教序,http://iiif.library.sh.cn/api/viewer/18A352,https://iiif.library.sh.cn/p/3/8202d1f5-fd57-488d-9959-77f03f45ed6a,47,1903,PASS
26,026_麻姑山仙坛记,麻姑山仙坛记,http://iiif.library.sh.cn/api/viewer/18A354,https://iiif.library.sh.cn/p/3/a4a61280-47c4-44bf-a19d-f80e2312db59,65,757,PASS
27,027_旧拓魏志五种,旧拓魏志五种,http://iiif.library.sh.cn/api/viewer/S2764,https://iiif.library.sh.cn/p/3/295dc168-46bd-48cc-bf72-4a9f316a37d5,71,3136,PASS
28,028_晋唐小楷九种,晋唐小楷九种,http://iiif.library.sh.cn/api/viewer/81A657,https://iiif.library.sh.cn/p/3/37a473d8-915f-49b1-a18b-2615c29003e1,91,5942,PASS
29,029_鲜于光祖墓志,鲜于光祖墓志,http://iiif.library.sh.cn/api/viewer/18A356,https://iiif.library.sh.cn/p/3/eb3cfef4-c175-4cf0-a9f7-796b70d9a5df,33,1769,PASS
30,030_九成宫醴泉铭,九成宫醴泉铭,http://iiif.library.sh.cn/api/viewer/19A374,https://iiif.library.sh.cn/p/3/a063e059-bf39-405b-9eee-65b60b559a01,52,1108,PASS
31,031_黄庭堅青原山诗刻石,黄庭堅青原山诗刻石,http://iiif.library.sh.cn/api/viewer/49B840,https://iiif.library.sh.cn/p/3/058f15c9-b4c7-4a11-920c-acf6c0ab8882,2,0,NO_GLYPHS
32,032_许真人井铭,许真人井铭,http://iiif.library.sh.cn/api/viewer/18A351,https://iiif.library.sh.cn/p/3/5fb7edab-4faa-444f-b981-1dbbd208142f,25,98,PASS
33,033_争座位帖,争座位帖,http://iiif.library.sh.cn/api/viewer/19A379,https://iiif.library.sh.cn/p/3/e2508fd7-7b32-4971-8551-dc0c113999af,42,1190,PASS
34,034_章吉老墓志,章吉老墓志,http://iiif.library.sh.cn/api/viewer/55B2188,https://iiif.library.sh.cn/p/3/f9e49387-1402-43d5-932a-aeb92693232a,31,782,PASS
35,035_武氏祠画像题字,武氏祠画像题字,http://iiif.library.sh.cn/api/viewer/22BT011,https://iiif.library.sh.cn/p/3/26aeaeda-6c05-11ee-acdb-9cb6d0bbaaae,98,1423,PASS
36,036_瘗鹤铭,瘗鹤铭,http://iiif.library.sh.cn/api/viewer/19A353,https://iiif.library.sh.cn/p/3/dddcba80-421a-488e-9ff9-98851d3b1907,78,138,PASS
37,037_十七帖,十七帖,http://iiif.library.sh.cn/api/viewer/S2978,https://iiif.library.sh.cn/p/3/87dfa6a0-1a35-49d6-945e-3b6b96849cb7,37,1164,PASS
38,038_十七帖,十七帖,http://iiif.library.sh.cn/api/viewer/19A364,https://iiif.library.sh.cn/p/3/3c914a84-212a-474d-b952-fe68ff796354,39,1177,PASS
39,039_淳化阁帖,淳化阁帖,http://iiif.library.sh.cn/api/viewer/48%2FB843,https://iiif.library.sh.cn/p/3/3a493a13-11d1-4a44-827c-b4f69d0a5951,10,0,NO_GLYPHS
40,040_洛神赋十三行四种,洛神赋十三行四种,http://iiif.library.sh.cn/api/viewer/22BT008,https://iiif.library.sh.cn/p/3/26aeaed8-6c05-11ee-863c-9cb6d0bbaaae,64,2123,PASS
41,041_思古斋黄庭经颍上兰亭序合册,思古斋黄庭经颍上兰亭序合册,http://iiif.library.sh.cn/api/viewer/22BT015,https://iiif.library.sh.cn/p/3/26aeaede-6c05-11ee-9a37-9cb6d0bbaaae,74,2040,PASS
42,042_太室西阙铭,太室西阙铭,http://iiif.library.sh.cn/api/viewer/S1228,https://iiif.library.sh.cn/p/3/1cd9b0aa-dea8-4f2a-a3bb-53e7cc098838,21,201,PASS
43,043_司马昞妻孟敬训墓志,司马昞妻孟敬训墓志,http://iiif.library.sh.cn/api/viewer/%E5%96%842741,https://iiif.library.sh.cn/p/3/dcdb3d47-bec0-4a17-be94-f472a4248f74,20,402,PASS
44,044_崔敬邕墓誌,崔敬邕墓誌,http://iiif.library.sh.cn/api/viewer/19A358,https://iiif.library.sh.cn/p/3/db7ce056-179c-41dc-863d-7c22c3d88b3a,52,734,PASS
45,045_石鼓文,石鼓文,http://iiif.library.sh.cn/api/viewer/22BT010,https://iiif.library.sh.cn/p/3/26aeaed9-6c05-11ee-9e00-9cb6d0bbaaae,56,371,PASS
